DROP ALL OBJECTS;

CREATE TABLE users (
  id BIGINT GENERATED BY DEFAULT AS IDENTITY PRIMARY KEY,
  username VARCHAR(50) NOT NULL UNIQUE,
  password_hash VARCHAR(100) NOT NULL,
  nickname VARCHAR(50) NOT NULL,
  phone VARCHAR(20),
  email VARCHAR(100),
  avatar_url VARCHAR(255),
  role VARCHAR(20) NOT NULL DEFAULT 'USER',
  status VARCHAR(20) NOT NULL DEFAULT 'NORMAL',
  created_at TIMESTAMP NOT NULL DEFAULT CURRENT_TIMESTAMP,
  updated_at TIMESTAMP NOT NULL DEFAULT CURRENT_TIMESTAMP
);

CREATE TABLE user_addresses (
  id BIGINT GENERATED BY DEFAULT AS IDENTITY PRIMARY KEY,
  user_id BIGINT NOT NULL,
  receiver_name VARCHAR(50) NOT NULL,
  receiver_phone VARCHAR(20) NOT NULL,
  detail_address VARCHAR(255) NOT NULL,
  is_default TINYINT NOT NULL DEFAULT 0,
  created_at TIMESTAMP NOT NULL DEFAULT CURRENT_TIMESTAMP
);

CREATE TABLE categories (
  id BIGINT GENERATED BY DEFAULT AS IDENTITY PRIMARY KEY,
  name VARCHAR(50) NOT NULL UNIQUE,
  sort_order INT NOT NULL DEFAULT 0,
  enabled TINYINT NOT NULL DEFAULT 1
);

CREATE TABLE products (
  id BIGINT GENERATED BY DEFAULT AS IDENTITY PRIMARY KEY,
  seller_id BIGINT NOT NULL,
  category_id BIGINT NOT NULL,
  title VARCHAR(100) NOT NULL,
  description CLOB,
  price DECIMAL(10, 2) NOT NULL,
  item_condition VARCHAR(30) NOT NULL,
  status VARCHAR(30) NOT NULL DEFAULT 'PENDING',
  view_count INT NOT NULL DEFAULT 0,
  version INT NOT NULL DEFAULT 0,
  deleted TINYINT NOT NULL DEFAULT 0,
  created_at TIMESTAMP NOT NULL DEFAULT CURRENT_TIMESTAMP,
  updated_at TIMESTAMP NOT NULL DEFAULT CURRENT_TIMESTAMP
);

CREATE TABLE product_images (
  id BIGINT GENERATED BY DEFAULT AS IDENTITY PRIMARY KEY,
  product_id BIGINT NOT NULL,
  image_url VARCHAR(255) NOT NULL,
  sort_order INT NOT NULL DEFAULT 0
);

CREATE TABLE favorites (
  id BIGINT GENERATED BY DEFAULT AS IDENTITY PRIMARY KEY,
  user_id BIGINT NOT NULL,
  product_id BIGINT NOT NULL,
  created_at TIMESTAMP NOT NULL DEFAULT CURRENT_TIMESTAMP,
  CONSTRAINT uk_favorites_user_product UNIQUE (user_id, product_id)
);

CREATE TABLE orders (
  id BIGINT GENERATED BY DEFAULT AS IDENTITY PRIMARY KEY,
  order_no VARCHAR(40) NOT NULL UNIQUE,
  buyer_id BIGINT NOT NULL,
  seller_id BIGINT NOT NULL,
  product_id BIGINT NOT NULL,
  total_amount DECIMAL(10, 2) NOT NULL,
  status VARCHAR(30) NOT NULL DEFAULT 'PENDING_PAYMENT',
  logistics_info VARCHAR(255),
  version INT NOT NULL DEFAULT 0,
  deleted TINYINT NOT NULL DEFAULT 0,
  created_at TIMESTAMP NOT NULL DEFAULT CURRENT_TIMESTAMP,
  updated_at TIMESTAMP NOT NULL DEFAULT CURRENT_TIMESTAMP
);

CREATE TABLE order_logs (
  id BIGINT GENERATED BY DEFAULT AS IDENTITY PRIMARY KEY,
  order_id BIGINT NOT NULL,
  from_status VARCHAR(30),
  to_status VARCHAR(30) NOT NULL,
  operator_id BIGINT NOT NULL,
  remark VARCHAR(255),
  created_at TIMESTAMP NOT NULL DEFAULT CURRENT_TIMESTAMP
);

CREATE TABLE messages (
  id BIGINT GENERATED BY DEFAULT AS IDENTITY PRIMARY KEY,
  sender_id BIGINT NOT NULL,
  receiver_id BIGINT NOT NULL,
  product_id BIGINT,
  content VARCHAR(500) NOT NULL,
  status VARCHAR(20) NOT NULL DEFAULT 'UNREAD',
  created_at TIMESTAMP NOT NULL DEFAULT CURRENT_TIMESTAMP
);

CREATE TABLE notifications (
  id BIGINT GENERATED BY DEFAULT AS IDENTITY PRIMARY KEY,
  user_id BIGINT NOT NULL,
  type VARCHAR(30) NOT NULL,
  title VARCHAR(100) NOT NULL,
  content VARCHAR(500) NOT NULL,
  read_status VARCHAR(20) NOT NULL DEFAULT 'UNREAD',
  created_at TIMESTAMP NOT NULL DEFAULT CURRENT_TIMESTAMP
);

CREATE TABLE announcements (
  id BIGINT GENERATED BY DEFAULT AS IDENTITY PRIMARY KEY,
  title VARCHAR(100) NOT NULL,
  content CLOB NOT NULL,
  published TINYINT NOT NULL DEFAULT 0,
  created_at TIMESTAMP NOT NULL DEFAULT CURRENT_TIMESTAMP
);

CREATE TABLE audit_logs (
  id BIGINT GENERATED BY DEFAULT AS IDENTITY PRIMARY KEY,
  admin_id BIGINT NOT NULL,
  target_type VARCHAR(30) NOT NULL,
  target_id BIGINT NOT NULL,
  action VARCHAR(30) NOT NULL,
  reason VARCHAR(255),
  created_at TIMESTAMP NOT NULL DEFAULT CURRENT_TIMESTAMP
);

CREATE TABLE reports (
  id BIGINT GENERATED BY DEFAULT AS IDENTITY PRIMARY KEY,
  reporter_id BIGINT NOT NULL,
  product_id BIGINT NOT NULL,
  reason VARCHAR(500) NOT NULL,
  report_status VARCHAR(20) NOT NULL DEFAULT 'PENDING',
  created_at TIMESTAMP NOT NULL DEFAULT CURRENT_TIMESTAMP
);

CREATE TABLE sensitive_words (
  id BIGINT GENERATED BY DEFAULT AS IDENTITY PRIMARY KEY,
  word VARCHAR(50) NOT NULL UNIQUE,
  enabled TINYINT NOT NULL DEFAULT 1
);

-- ==================== SEED DATA ====================

-- Categories
INSERT INTO categories (id, name, sort_order, enabled) VALUES
  (1, '数码配件', 10, 1),
  (2, '图书教材', 20, 1),
  (3, '生活用品', 30, 1),
  (4, '运动户外', 40, 1),
  (5, '服饰鞋包', 50, 1);

-- Users (密码统一为 admin123)
INSERT INTO users (id, username, password_hash, nickname, role, status) VALUES
  (1, 'admin', '$2a$10$L468Ag4yzUWWvM3xl5MA2eYc5Ym2V5cl4hXA1sB1Nh3xTcTTmRWOK', '系统管理员', 'ADMIN', 'NORMAL'),
  (2, 'xiaoli', '$2a$10$L468Ag4yzUWWvM3xl5MA2eYc5Ym2V5cl4hXA1sB1Nh3xTcTTmRWOK', '计科小李', 'USER', 'NORMAL'),
  (3, 'xiaozhou', '$2a$10$L468Ag4yzUWWvM3xl5MA2eYc5Ym2V5cl4hXA1sB1Nh3xTcTTmRWOK', '经管小周', 'USER', 'NORMAL'),
  (4, 'xiaochen', '$2a$10$L468Ag4yzUWWvM3xl5MA2eYc5Ym2V5cl4hXA1sB1Nh3xTcTTmRWOK', '软件小陈', 'USER', 'NORMAL');

-- Products (APPROVED so they show on homepage)
INSERT INTO products (id, seller_id, category_id, title, description, price, item_condition, status, view_count) VALUES
  (1, 2, 1, 'Cherry 机械键盘 MX3.0S', 'Cherry 原厂轴体，送拔键器，适合编程和游戏。用了半年，包装盒还在。', 129.00, '九成新', 'APPROVED', 238),
  (2, 2, 1, '罗技 G502 游戏鼠标', 'Hero 传感器，可调配重，适合 FPS 和 MOBA 游戏。侧裙轻微磨损。', 89.00, '八成新', 'APPROVED', 156),
  (3, 3, 2, '2026 考研数学复习全书', '2026 最新版，重点章节用荧光笔做了标注，不影响阅读。附赠自己整理的错题本。', 35.00, '轻微笔记', 'APPROVED', 312),
  (4, 3, 2, '数据结构（C语言版）严蔚敏', '经典教材，封面有折痕，内页干净无笔记。计算机专业必备用书。', 22.00, '七成新', 'APPROVED', 89),
  (5, 4, 3, '宿舍折叠桌 床上书桌', '可放笔记本电脑，带杯架和 iPad 支架。宿舍自提，不包邮。', 48.00, '八成新', 'APPROVED', 67),
  (6, 4, 3, '小米台灯 1S 护眼版', 'LED 护眼台灯，支持色温调节和手机控制。使用不到一年。', 65.00, '九成新', 'APPROVED', 421),
  (7, 2, 4, 'YONEX 羽毛球拍 NR-700', '入门级羽毛球拍，送原装拍套和 3 个羽毛球。拍线刚换过。', 150.00, '八成新', 'APPROVED', 104),
  (8, 3, 5, 'CHAMPION 连帽卫衣 L码', '正品 CHAMPION 连帽卫衣，灰色 L 码。只穿了两三次，洗过一次。', 79.00, '九成新', 'APPROVED', 189);

-- Product images (Unsplash)
INSERT INTO product_images (product_id, image_url, sort_order) VALUES
  (1, 'https://images.unsplash.com/photo-1587829741301-dc798b83add3?w=600', 0),
  (2, 'https://images.unsplash.com/photo-1527814050087-3793815479db?w=600', 0),
  (3, 'https://images.unsplash.com/photo-1512820790803-83ca734da794?w=600', 0),
  (4, 'https://images.unsplash.com/photo-1544716278-ca5e3f4abd8c?w=600', 0),
  (5, 'https://images.unsplash.com/photo-1518455027359-f3f8164ba6bd?w=600', 0),
  (6, 'https://images.unsplash.com/photo-1534105615256-13940a56ff44?w=600', 0),
  (7, 'https://images.unsplash.com/photo-1613918431703-aa50889e3be9?w=600', 0),
  (8, 'https://images.unsplash.com/photo-1556821840-3a63f95609a7?w=600', 0);

-- Orders (at different stages)
INSERT INTO orders (id, order_no, buyer_id, seller_id, product_id, total_amount, status, logistics_info) VALUES
  (1, 'CT20260706001', 4, 2, 1, 129.00, 'SHIPPED', '申通快递 7730123456789'),
  (2, 'CT20260706002', 2, 3, 3, 35.00, 'PAID', NULL),
  (3, 'CT20260706003', 3, 4, 5, 48.00, 'COMPLETED', '图书馆门口自提');

-- Order logs
INSERT INTO order_logs (order_id, from_status, to_status, operator_id, remark) VALUES
  (1, NULL, 'PENDING_PAYMENT', 4, '创建订单'),
  (1, 'PENDING_PAYMENT', 'PAID', 4, '模拟支付'),
  (1, 'PAID', 'SHIPPED', 2, '发货: 申通快递 7730123456789'),
  (2, NULL, 'PENDING_PAYMENT', 2, '创建订单'),
  (2, 'PENDING_PAYMENT', 'PAID', 2, '模拟支付'),
  (3, NULL, 'PENDING_PAYMENT', 3, '创建订单'),
  (3, 'PENDING_PAYMENT', 'PAID', 3, '模拟支付'),
  (3, 'PAID', 'SHIPPED', 4, '发货: 图书馆门口自提'),
  (3, 'SHIPPED', 'COMPLETED', 3, '确认收货');

-- Messages
INSERT INTO messages (id, sender_id, receiver_id, product_id, content, status) VALUES
  (1, 4, 2, 1, '键盘今晚 7 点在图书馆门口交易可以吗？', 'READ'),
  (2, 2, 4, 1, '没问题，包装盒和拔键器我都带着。', 'UNREAD');

-- Announcements
INSERT INTO announcements (id, title, content, published) VALUES
  (1, '欢迎使用校园二手交易平台', '本平台仅供校内师生使用。交易请选择校内公共场所，注意人身和财产安全。如遇纠纷请联系管理员处理。', 1),
  (2, '毕业季专场活动', '6 月-7 月毕业季期间，欢迎毕业生踊跃发布闲置物品！', 1);
